-- MySQL dump 10.13  Distrib 8.0.46, for Linux (x86_64)
--
-- Host: localhost    Database: mundialdb
-- ------------------------------------------------------
-- Server version	8.0.46

/*!40101 SET @OLD_CHARACTER_SET_CLIENT=@@CHARACTER_SET_CLIENT */;
/*!40101 SET @OLD_CHARACTER_SET_RESULTS=@@CHARACTER_SET_RESULTS */;
/*!40101 SET @OLD_COLLATION_CONNECTION=@@COLLATION_CONNECTION */;
/*!50503 SET NAMES utf8mb4 */;
/*!40103 SET @OLD_TIME_ZONE=@@TIME_ZONE */;
/*!40103 SET TIME_ZONE='+00:00' */;
/*!40014 SET @OLD_UNIQUE_CHECKS=@@UNIQUE_CHECKS, UNIQUE_CHECKS=0 */;
/*!40014 SET @OLD_FOREIGN_KEY_CHECKS=@@FOREIGN_KEY_CHECKS, FOREIGN_KEY_CHECKS=0 */;
/*!40101 SET @OLD_SQL_MODE=@@SQL_MODE, SQL_MODE='NO_AUTO_VALUE_ON_ZERO' */;
/*!40111 SET @OLD_SQL_NOTES=@@SQL_NOTES, SQL_NOTES=0 */;

--
-- Table structure for table `host_countries`
--

DROP TABLE IF EXISTS `host_countries`;
/*!40101 SET @saved_cs_client     = @@character_set_client */;
/*!50503 SET character_set_client = utf8mb4 */;
CREATE TABLE `host_countries` (
  `id` int NOT NULL AUTO_INCREMENT,
  `name` varchar(200) COLLATE utf8mb4_unicode_ci NOT NULL,
  `code` varchar(8) COLLATE utf8mb4_unicode_ci DEFAULT NULL,
  `flag_url` varchar(512) COLLATE utf8mb4_unicode_ci DEFAULT NULL,
  PRIMARY KEY (`id`),
  UNIQUE KEY `uk_host_countries_name` (`name`)
) ENGINE=InnoDB AUTO_INCREMENT=4 DEFAULT CHARSET=utf8mb4 COLLATE=utf8mb4_unicode_ci;
/*!40101 SET character_set_client = @saved_cs_client */;

--
-- Dumping data for table `host_countries`
--

LOCK TABLES `host_countries` WRITE;
/*!40000 ALTER TABLE `host_countries` DISABLE KEYS */;
INSERT INTO `host_countries` VALUES (1,'United States','USA',NULL),(2,'Mexico','MEX',NULL),(3,'Canada','CAN',NULL);
/*!40000 ALTER TABLE `host_countries` ENABLE KEYS */;
UNLOCK TABLES;

--
-- Table structure for table `legends`
--

DROP TABLE IF EXISTS `legends`;
/*!40101 SET @saved_cs_client     = @@character_set_client */;
/*!50503 SET character_set_client = utf8mb4 */;
CREATE TABLE `legends` (
  `id` int NOT NULL AUTO_INCREMENT,
  `name` varchar(200) COLLATE utf8mb4_unicode_ci NOT NULL,
  `bio` text COLLATE utf8mb4_unicode_ci,
  `image_url` varchar(512) COLLATE utf8mb4_unicode_ci DEFAULT NULL,
  PRIMARY KEY (`id`)
) ENGINE=InnoDB AUTO_INCREMENT=4 DEFAULT CHARSET=utf8mb4 COLLATE=utf8mb4_unicode_ci;
/*!40101 SET character_set_client = @saved_cs_client */;

--
-- Dumping data for table `legends`
--

LOCK TABLES `legends` WRITE;
/*!40000 ALTER TABLE `legends` DISABLE KEYS */;
INSERT INTO `legends` VALUES (1,'Pelé','Considerado uno de los mejores de la historia.',NULL),(2,'Maradona','Ícono argentino con talento incomparable.',NULL),(3,'Messi','Figura contemporánea con múltiples títulos.',NULL);
/*!40000 ALTER TABLE `legends` ENABLE KEYS */;
UNLOCK TABLES;

--
-- Table structure for table `matches`
--

DROP TABLE IF EXISTS `matches`;
/*!40101 SET @saved_cs_client     = @@character_set_client */;
/*!50503 SET character_set_client = utf8mb4 */;
CREATE TABLE `matches` (
  `id` int NOT NULL AUTO_INCREMENT,
  `date` datetime NOT NULL,
  `stage` varchar(100) COLLATE utf8mb4_unicode_ci DEFAULT NULL,
  `home_team_id` int DEFAULT NULL,
  `away_team_id` int DEFAULT NULL,
  `home_score` int DEFAULT NULL,
  `away_score` int DEFAULT NULL,
  `status` enum('upcoming','live','finished') COLLATE utf8mb4_unicode_ci DEFAULT 'upcoming',
  `venue` varchar(255) COLLATE utf8mb4_unicode_ci DEFAULT NULL,
  PRIMARY KEY (`id`),
  UNIQUE KEY `uk_matches_unique` (`date`,`home_team_id`,`away_team_id`),
  KEY `idx_matches_home` (`home_team_id`),
  KEY `idx_matches_away` (`away_team_id`),
  CONSTRAINT `matches_ibfk_1` FOREIGN KEY (`home_team_id`) REFERENCES `teams` (`id`) ON DELETE SET NULL,
  CONSTRAINT `matches_ibfk_2` FOREIGN KEY (`away_team_id`) REFERENCES `teams` (`id`) ON DELETE SET NULL
) ENGINE=InnoDB AUTO_INCREMENT=3 DEFAULT CHARSET=utf8mb4 COLLATE=utf8mb4_unicode_ci;
/*!40101 SET character_set_client = @saved_cs_client */;

--
-- Dumping data for table `matches`
--

LOCK TABLES `matches` WRITE;
/*!40000 ALTER TABLE `matches` DISABLE KEYS */;
INSERT INTO `matches` VALUES (1,'2026-06-11 18:00:00','Grupo A',1,2,NULL,NULL,'upcoming','Estadio Azteca'),(2,'2026-06-12 21:00:00','Grupo B',3,1,NULL,NULL,'upcoming','BC Place');
/*!40000 ALTER TABLE `matches` ENABLE KEYS */;
UNLOCK TABLES;

--
-- Table structure for table `news`
--

DROP TABLE IF EXISTS `news`;
/*!40101 SET @saved_cs_client     = @@character_set_client */;
/*!50503 SET character_set_client = utf8mb4 */;
CREATE TABLE `news` (
  `id` int NOT NULL AUTO_INCREMENT,
  `title` varchar(300) COLLATE utf8mb4_unicode_ci NOT NULL,
  `content` text COLLATE utf8mb4_unicode_ci,
  `published_at` datetime DEFAULT CURRENT_TIMESTAMP,
  PRIMARY KEY (`id`)
) ENGINE=InnoDB AUTO_INCREMENT=3 DEFAULT CHARSET=utf8mb4 COLLATE=utf8mb4_unicode_ci;
/*!40101 SET character_set_client = @saved_cs_client */;

--
-- Dumping data for table `news`
--

LOCK TABLES `news` WRITE;
/*!40000 ALTER TABLE `news` DISABLE KEYS */;
INSERT INTO `news` VALUES (1,'Lanzamiento Mundo Fútbol 2026','Bienvenido a la plataforma independiente del Mundial 2026.','2026-06-16 19:43:58'),(2,'Actualización de calendarios','Se han cargado los primeros partidos de la fase de grupos.','2026-06-16 19:43:58');
/*!40000 ALTER TABLE `news` ENABLE KEYS */;
UNLOCK TABLES;

--
-- Table structure for table `players`
--

DROP TABLE IF EXISTS `players`;
/*!40101 SET @saved_cs_client     = @@character_set_client */;
/*!50503 SET character_set_client = utf8mb4 */;
CREATE TABLE `players` (
  `id` int NOT NULL AUTO_INCREMENT,
  `name` varchar(200) COLLATE utf8mb4_unicode_ci NOT NULL,
  `team_id` int DEFAULT NULL,
  `goals` int DEFAULT '0',
  PRIMARY KEY (`id`),
  UNIQUE KEY `uk_players_team` (`name`,`team_id`),
  KEY `idx_players_team_id` (`team_id`),
  CONSTRAINT `players_ibfk_1` FOREIGN KEY (`team_id`) REFERENCES `teams` (`id`) ON DELETE SET NULL
) ENGINE=InnoDB AUTO_INCREMENT=4 DEFAULT CHARSET=utf8mb4 COLLATE=utf8mb4_unicode_ci;
/*!40101 SET character_set_client = @saved_cs_client */;

--
-- Dumping data for table `players`
--

LOCK TABLES `players` WRITE;
/*!40000 ALTER TABLE `players` DISABLE KEYS */;
INSERT INTO `players` VALUES (1,'Christian Pulisic',1,3),(2,'Hirving Lozano',2,2),(3,'Alphonso Davies',3,1);
/*!40000 ALTER TABLE `players` ENABLE KEYS */;
UNLOCK TABLES;

--
-- Table structure for table `predictions`
--

DROP TABLE IF EXISTS `predictions`;
/*!40101 SET @saved_cs_client     = @@character_set_client */;
/*!50503 SET character_set_client = utf8mb4 */;
CREATE TABLE `predictions` (
  `id` int NOT NULL AUTO_INCREMENT,
  `user_id` int NOT NULL,
  `match_id` int NOT NULL,
  `home_score` int NOT NULL,
  `away_score` int NOT NULL,
  `points_awarded` int DEFAULT '0',
  `created_at` datetime DEFAULT CURRENT_TIMESTAMP,
  PRIMARY KEY (`id`),
  UNIQUE KEY `uk_predictions_user_match` (`user_id`,`match_id`),
  KEY `idx_predictions_user_id` (`user_id`),
  KEY `idx_predictions_match_id` (`match_id`),
  CONSTRAINT `predictions_ibfk_1` FOREIGN KEY (`user_id`) REFERENCES `users` (`id`) ON DELETE CASCADE,
  CONSTRAINT `predictions_ibfk_2` FOREIGN KEY (`match_id`) REFERENCES `matches` (`id`) ON DELETE CASCADE
) ENGINE=InnoDB DEFAULT CHARSET=utf8mb4 COLLATE=utf8mb4_unicode_ci;
/*!40101 SET character_set_client = @saved_cs_client */;

--
-- Dumping data for table `predictions`
--

LOCK TABLES `predictions` WRITE;
/*!40000 ALTER TABLE `predictions` DISABLE KEYS */;
/*!40000 ALTER TABLE `predictions` ENABLE KEYS */;
UNLOCK TABLES;

--
-- Table structure for table `standings`
--

DROP TABLE IF EXISTS `standings`;
/*!40101 SET @saved_cs_client     = @@character_set_client */;
/*!50503 SET character_set_client = utf8mb4 */;
CREATE TABLE `standings` (
  `id` int NOT NULL AUTO_INCREMENT,
  `team_id` int NOT NULL,
  `group_name` varchar(8) COLLATE utf8mb4_unicode_ci DEFAULT NULL,
  `played` int DEFAULT '0',
  `won` int DEFAULT '0',
  `draw` int DEFAULT '0',
  `lost` int DEFAULT '0',
  `points` int DEFAULT '0',
  `goal_diff` int DEFAULT '0',
  PRIMARY KEY (`id`),
  UNIQUE KEY `uk_standings_team` (`team_id`),
  KEY `idx_standings_team_id` (`team_id`),
  CONSTRAINT `standings_ibfk_1` FOREIGN KEY (`team_id`) REFERENCES `teams` (`id`) ON DELETE CASCADE
) ENGINE=InnoDB AUTO_INCREMENT=4 DEFAULT CHARSET=utf8mb4 COLLATE=utf8mb4_unicode_ci;
/*!40101 SET character_set_client = @saved_cs_client */;

--
-- Dumping data for table `standings`
--

LOCK TABLES `standings` WRITE;
/*!40000 ALTER TABLE `standings` DISABLE KEYS */;
INSERT INTO `standings` VALUES (1,1,'A',2,2,0,0,6,4),(2,2,'A',2,1,0,1,3,0),(3,3,'A',2,0,0,2,0,-4);
/*!40000 ALTER TABLE `standings` ENABLE KEYS */;
UNLOCK TABLES;

--
-- Table structure for table `teams`
--

DROP TABLE IF EXISTS `teams`;
/*!40101 SET @saved_cs_client     = @@character_set_client */;
/*!50503 SET character_set_client = utf8mb4 */;
CREATE TABLE `teams` (
  `id` int NOT NULL AUTO_INCREMENT,
  `name` varchar(200) COLLATE utf8mb4_unicode_ci NOT NULL,
  `country` varchar(200) COLLATE utf8mb4_unicode_ci DEFAULT NULL,
  `flag_url` varchar(512) COLLATE utf8mb4_unicode_ci DEFAULT NULL,
  `stadiums` int DEFAULT '0',
  `cities` int DEFAULT '0',
  `matches` int DEFAULT '0',
  PRIMARY KEY (`id`),
  UNIQUE KEY `uk_teams_name` (`name`)
) ENGINE=InnoDB AUTO_INCREMENT=4 DEFAULT CHARSET=utf8mb4 COLLATE=utf8mb4_unicode_ci;
/*!40101 SET character_set_client = @saved_cs_client */;

--
-- Dumping data for table `teams`
--

LOCK TABLES `teams` WRITE;
/*!40000 ALTER TABLE `teams` DISABLE KEYS */;
INSERT INTO `teams` VALUES (1,'USA','United States',NULL,10,11,60),(2,'Mexico','Mexico',NULL,3,3,10),(3,'Canada','Canada',NULL,3,3,10);
/*!40000 ALTER TABLE `teams` ENABLE KEYS */;
UNLOCK TABLES;

--
-- Table structure for table `users`
--

DROP TABLE IF EXISTS `users`;
/*!40101 SET @saved_cs_client     = @@character_set_client */;
/*!50503 SET character_set_client = utf8mb4 */;
CREATE TABLE `users` (
  `id` int NOT NULL AUTO_INCREMENT,
  `name` varchar(200) COLLATE utf8mb4_unicode_ci NOT NULL,
  `email` varchar(255) COLLATE utf8mb4_unicode_ci NOT NULL,
  `password_hash` varchar(255) COLLATE utf8mb4_unicode_ci DEFAULT NULL,
  `points` int NOT NULL DEFAULT '0',
  `created_at` datetime DEFAULT CURRENT_TIMESTAMP,
  PRIMARY KEY (`id`),
  UNIQUE KEY `email` (`email`)
) ENGINE=InnoDB AUTO_INCREMENT=4 DEFAULT CHARSET=utf8mb4 COLLATE=utf8mb4_unicode_ci;
/*!40101 SET character_set_client = @saved_cs_client */;

--
-- Dumping data for table `users`
--

LOCK TABLES `users` WRITE;
/*!40000 ALTER TABLE `users` DISABLE KEYS */;
INSERT INTO `users` VALUES (1,'Irving','irving@example.com',NULL,145,'2026-06-16 19:43:58'),(2,'Carlos','carlos@example.com',NULL,130,'2026-06-16 19:43:58'),(3,'Ana','ana@example.com',NULL,122,'2026-06-16 19:43:58');
/*!40000 ALTER TABLE `users` ENABLE KEYS */;
UNLOCK TABLES;
/*!40103 SET TIME_ZONE=@OLD_TIME_ZONE */;

/*!40101 SET SQL_MODE=@OLD_SQL_MODE */;
/*!40014 SET FOREIGN_KEY_CHECKS=@OLD_FOREIGN_KEY_CHECKS */;
/*!40014 SET UNIQUE_CHECKS=@OLD_UNIQUE_CHECKS */;
/*!40101 SET CHARACTER_SET_CLIENT=@OLD_CHARACTER_SET_CLIENT */;
/*!40101 SET CHARACTER_SET_RESULTS=@OLD_CHARACTER_SET_RESULTS */;
/*!40101 SET COLLATION_CONNECTION=@OLD_COLLATION_CONNECTION */;
/*!40111 SET SQL_NOTES=@OLD_SQL_NOTES */;

-- Dump completed on 2026-06-16 19:56:48
